column_name,dtype,num_unique,num_missing,total_records,min_value,max_value,mean_value,std_value,unique_values
id_assessment,int64,188,0,173912,1752.0,37443.0,26553.803555821334,8829.784253519334,
id_student,int64,23369,0,173912,6516.0,2698588.0,705150.7172248034,552395.1909984985,
date_submitted,float64,312,0,173912,0.0,1.0,0.20522284644208671,0.11548327589724562,
is_banked,float64,2,0,173912,0.0,1.0,0.010976815860895165,0.10419399118497938,"[0.0, 1.0]"
score,float64,101,0,173912,0.0,1.0,0.7580375132250794,0.18789221680185883,
